{"cameraMode":{"drawMode":0,"name":"Shaded","section":"Shading Mode"},"sceneLighting":true,"audioPlay":false,"sceneViewState":{"showFog":true,"showMaterialUpdate":false,"showSkybox":true,"showFlares":true,"showImageEffects":true,"showParticleSystems":true,"showVisualEffectGraphs":true,"m_FxEnabled":true},"in2DMode":false,"pivot":{"x":-0.3283519744873047,"y":-4.366626739501953,"z":-0.41193675994873049},"rotation":{"x":0.6571399569511414,"y":0.001560024917125702,"z":-0.001409971504472196,"w":0.7537963390350342},"size":22.993167877197267,"orthographic":false}